{"stats":{"minecraft:killed_by":{"minecraft:iron_golem":1},"minecraft:used":{"minecraft:porkchop":1,"minecraft:spruce_log":4},"minecraft:mined":{"minecraft:spruce_log":1},"minecraft:custom":{"minecraft:time_since_rest":2988,"minecraft:sprint_one_cm":8072,"minecraft:damage_taken":540,"minecraft:walk_one_cm":6877,"minecraft:mob_kills":3,"minecraft:drop":21,"minecraft:damage_dealt":1200,"minecraft:fly_one_cm":13684,"minecraft:open_chest":1,"minecraft:crouch_one_cm":233,"minecraft:play_time":4265,"minecraft:deaths":1,"minecraft:sneak_time":876,"minecraft:leave_game":1,"minecraft:jump":170,"minecraft:time_since_death":2962,"minecraft:total_world_time":4265,"minecraft:fall_one_cm":2633},"minecraft:picked_up":{"minecraft:azure_bluet":1,"minecraft:feather":18,"minecraft:chicken":11,"minecraft:glow_ink_sac":20,"minecraft:leather":25,"minecraft:torch":112,"minecraft:enchanted_book":4,"minecraft:porkchop":35,"minecraft:sand":1,"minecraft:ink_sac":13,"minecraft:spruce_log":1,"minecraft:gunpowder":21,"minecraft:redstone":34,"minecraft:lapis_lazuli":6,"minecraft:string":5,"minecraft:moss_carpet":24,"minecraft:name_tag":12,"minecraft:pumpkin_seeds":26,"minecraft:bone":17,"minecraft:arrow":23,"minecraft:rotten_flesh":25,"minecraft:activator_rail":28,"minecraft:beetroot_seeds":25,"minecraft:detector_rail":14,"minecraft:rabbit_hide":8,"minecraft:iron_ingot":27,"minecraft:beef":58,"minecraft:iron_pickaxe":1,"minecraft:golden_apple":6,"minecraft:gray_wool":1,"minecraft:gold_ingot":8,"minecraft:azalea":4,"minecraft:bread":21,"minecraft:poppy":1,"minecraft:rabbit":10,"minecraft:light_gray_wool":2,"minecraft:powered_rail":14,"minecraft:melon_seeds":23,"minecraft:glow_berries":39,"minecraft:black_wool":2,"minecraft:mutton":41,"minecraft:coal":30,"minecraft:flowering_azalea":3,"minecraft:white_wool":22,"minecraft:rail":209},"minecraft:dropped":{"minecraft:poppy":1,"minecraft:rabbit_hide":8,"minecraft:moss_carpet":24,"minecraft:porkchop":30,"minecraft:glow_ink_sac":20,"minecraft:ink_sac":13,"minecraft:detector_rail":14,"minecraft:melon_seeds":23,"minecraft:rabbit":10,"minecraft:azalea":4,"minecraft:glow_berries":39,"minecraft:rotten_flesh":25,"minecraft:spruce_log":2,"minecraft:flowering_azalea":3,"minecraft:name_tag":12,"minecraft:activator_rail":28,"minecraft:golden_apple":6,"minecraft:azure_bluet":1,"minecraft:bone":17,"minecraft:white_wool":22,"minecraft:black_wool":2},"minecraft:killed":{"minecraft:pig":2,"minecraft:iron_golem":1}},"DataVersion":3465}