{"stats":{"minecraft:picked_up":{"minecraft:charcoal":2,"born_in_chaos_v1:corpse_maggot":2,"minecraft:crafting_table":3,"minecraft:cooked_beef":21,"minecraft:leather":12,"minecraft:oak_log":25,"fruitsdelight:lemon":2,"minecraft:white_bed":1,"treasure2:wood_chest":1,"minecraft:polished_blackstone_brick_stairs":2,"minecraft:cooked_mutton":9,"minecraft:rotten_flesh":4,"minecraft:apple":1,"minecraft:beef":29,"minecraft:oak_sapling":1,"minecraft:mutton":9,"minecraft:white_wool":7,"minecraft:cobblestone":20,"minecraft:furnace":2},"minecraft:used":{"minecraft:stone_sword":18,"minecraft:apple":1,"minecraft:stone_pickaxe":23,"minecraft:wooden_pickaxe":3,"minecraft:polished_blackstone_brick_stairs":2,"fruitsdelight:lemon":1,"minecraft:stone_axe":44,"minecraft:crafting_table":3,"minecraft:oak_sapling":1,"minecraft:furnace":2,"minecraft:white_bed":1,"minecraft:campfire":1,"alexsmobs:animal_dictionary":2,"minecraft:cooked_beef":3},"minecraft:dropped":{"fruitsdelight:lemon":1,"born_in_chaos_v1:corpse_maggot":2,"minecraft:rotten_flesh":4},"minecraft:mined":{"minecraft:white_bed":1,"minecraft:furnace":2,"fruitsdelight:lemon_tree":1,"treasure2:wood_chest":1,"minecraft:crafting_table":3,"minecraft:grass":12,"minecraft:oak_log":25,"minecraft:campfire":1,"minecraft:tall_grass":1,"minecraft:stone":20,"minecraft:polished_blackstone_brick_stairs":2,"minecraft:oak_leaves":3},"minecraft:killed":{"minecraft:sheep":7,"minecraft:zombie":2,"alexsmobs:terrapin":1,"minecraft:cow":15,"born_in_chaos_v1:maggot":4},"minecraft:crafted":{"minecraft:cooked_beef":1,"minecraft:oak_planks":52,"minecraft:charcoal":1,"minecraft:crafting_table":1,"minecraft:stick":12,"minecraft:wooden_pickaxe":1,"minecraft:stone_pickaxe":1,"minecraft:stone_sword":1,"minecraft:furnace":1,"minecraft:white_bed":1,"minecraft:campfire":1,"minecraft:stone_axe":1},"minecraft:custom":{"minecraft:time_since_rest":4767,"minecraft:interact_with_furnace":4,"minecraft:sprint_one_cm":41147,"minecraft:damage_taken":200,"minecraft:walk_one_cm":47940,"minecraft:mob_kills":30,"minecraft:drop":4,"minecraft:damage_dealt":2798,"minecraft:swim_one_cm":5682,"minecraft:interact_with_crafting_table":5,"minecraft:fly_one_cm":85919,"minecraft:crouch_one_cm":1929,"minecraft:play_time":22531,"minecraft:interact_with_campfire":30,"minecraft:sneak_time":439,"minecraft:walk_under_water_one_cm":156,"minecraft:jump":507,"minecraft:walk_on_water_one_cm":800,"minecraft:leave_game":3,"minecraft:time_since_death":22531,"minecraft:sleep_in_bed":1,"minecraft:climb_one_cm":847,"minecraft:total_world_time":22531,"minecraft:fall_one_cm":17629}},"DataVersion":3465}