{"stats":{"minecraft:custom":{"minecraft:jump":101,"minecraft:time_since_rest":1601,"minecraft:damage_dealt":640,"minecraft:leave_game":1,"minecraft:sprint_one_cm":3856,"minecraft:play_time":1601,"minecraft:time_since_death":1601,"minecraft:walk_one_cm":3665,"minecraft:sneak_time":1,"minecraft:total_world_time":1601,"minecraft:mob_kills":7,"minecraft:fall_one_cm":3042,"minecraft:fly_one_cm":6648},"minecraft:mined":{"minecraft:grass":7},"minecraft:killed":{"minecraft:sheep":3,"minecraft:cow":4},"minecraft:picked_up":{"minecraft:beef":5,"minecraft:leather":2,"minecraft:mutton":3,"minecraft:white_wool":3}},"DataVersion":3465}